{
    "latestBlogs": [
        {
            "name": "2023 Best Beaches Contest Winners",
            "uri": "/news",
            "publishDate": "April 02, 2023",
            "description": "<p>Integer magna leo, posuere et dignissim vitae, porttitor at odio. Pellentesque a metus nec magna placerat volutpat. Nunc nisi mi, elementum sit amet...</p>"
        },
        {
            "name": "Top 10 Diving Spots",
            "uri": "/news",
            "publishDate": "May 29, 2023",
            "description": "<p>Maecenas scelerisque odio quis arcu fringilla malesuada. Nulla facilisi. In libero nulla, fermentum ut pretium ac, pharetra et eros...</p>"
        }
    ],
    "testimonials": [
        {
            "author": "Juan De La Cruz",
            "uri": "/news",
            "description": "“In hac habitasse platea dictumst. Integer purus justo, egestas eu consectetur eu, cursus in tortor. Quisque nec nunc ac mi ultrices iaculis. Aenean quis elit mauris, nec vestibulum lorem.”"
        }
    ],
    "sidebars": [
        {
            "uri": "/rooms",
            "image": "rooms.png"
        },
        {
            "uri": "dives.html",
            "image": "dive-site.png"
        },
        {
            "uri": "foods.html",
            "image": "food.png"
        }
    ]
}